folder,files_count,status,error
C:\Users\dell\Downloads\marcaagua\listo\Agus Rozas,25,ok,
C:\Users\dell\Downloads\marcaagua\listo\Alexa pearl 3,32,ok,
C:\Users\dell\Downloads\marcaagua\listo\Alexis Lust,29,ok,
C:\Users\dell\Downloads\marcaagua\listo\Alicecottonsox,252,timeout,timeout_wait
C:\Users\dell\Downloads\marcaagua\listo\Amo las tetas de Sydney Sweeney,6,ok,
C:\Users\dell\Downloads\marcaagua\listo\Andrea Queen,17,ok,
C:\Users\dell\Downloads\marcaagua\listo\Angelmar,92,ok,
C:\Users\dell\Downloads\marcaagua\listo\Angelysc,65,ok,
C:\Users\dell\Downloads\marcaagua\listo\Ann Takamaki Casual - Alina Becker,30,ok,
C:\Users\dell\Downloads\marcaagua\listo\Anxietydoll,61,ok,
C:\Users\dell\Downloads\marcaagua\listo\Aria Artizte,38,ok,
C:\Users\dell\Downloads\marcaagua\listo\Ariadnasmania,39,ok,
C:\Users\dell\Downloads\marcaagua\listo\Ary vilchis,63,ok,
C:\Users\dell\Downloads\marcaagua\listo\Ashley Allure,122,timeout,timeout_wait
C:\Users\dell\Downloads\marcaagua\listo\Auris Ortigoza,70,ok,
C:\Users\dell\Downloads\marcaagua\listo\Ayelen lopez,20,ok,
C:\Users\dell\Downloads\marcaagua\listo\Azuminakamura,79,ok,
C:\Users\dell\Downloads\marcaagua\listo\Bardxra,95,ok,
C:\Users\dell\Downloads\marcaagua\listo\Bianca silva,94,ok,
C:\Users\dell\Downloads\marcaagua\listo\Brasich,11,ok,
C:\Users\dell\Downloads\marcaagua\listo\Candela Diaz,20,ok,
C:\Users\dell\Downloads\marcaagua\listo\Celine west,7,ok,
C:\Users\dell\Downloads\marcaagua\listo\Christina Rio,31,ok,
C:\Users\dell\Downloads\marcaagua\listo\Christina Riós,46,ok,
C:\Users\dell\Downloads\marcaagua\listo\Chun Li - Octokuro modelo,45,ok,
C:\Users\dell\Downloads\marcaagua\listo\Cora Rossi,253,timeout,timeout_wait
C:\Users\dell\Downloads\marcaagua\listo\Crespa_torres01,14,ok,
C:\Users\dell\Downloads\marcaagua\listo\Cuchi Laino,18,ok,
C:\Users\dell\Downloads\marcaagua\listo\Dainty wilder whore,75,ok,
C:\Users\dell\Downloads\marcaagua\listo\Dana cabrera,16,ok,
C:\Users\dell\Downloads\marcaagua\listo\Delfy sele,11,ok,
C:\Users\dell\Downloads\marcaagua\listo\Demon mika,67,ok,
C:\Users\dell\Downloads\marcaagua\listo\Demonmika 1,70,ok,
C:\Users\dell\Downloads\marcaagua\listo\Deskicio,304,timeout,timeout_wait
C:\Users\dell\Downloads\marcaagua\listo\Domi versaille,41,ok,
C:\Users\dell\Downloads\marcaagua\listo\Domi versailles,39,ok,
C:\Users\dell\Downloads\marcaagua\listo\Drowsy waifu,33,ok,
C:\Users\dell\Downloads\marcaagua\listo\Dubraska Shanailla,22,ok,
C:\Users\dell\Downloads\marcaagua\listo\Dyh Costa,64,ok,
C:\Users\dell\Downloads\marcaagua\listo\Emmalittle,55,ok,
C:\Users\dell\Downloads\marcaagua\listo\Estefani favila,27,ok,
C:\Users\dell\Downloads\marcaagua\listo\Eva Lovia,41,ok,
C:\Users\dell\Downloads\marcaagua\listo\Evelyn Miller,36,ok,
C:\Users\dell\Downloads\marcaagua\listo\Florbitch,13,ok,
C:\Users\dell\Downloads\marcaagua\listo\Florence Guerin,39,ok,
C:\Users\dell\Downloads\marcaagua\listo\Fotos variadas de actrices desnudas,12,ok,
C:\Users\dell\Downloads\marcaagua\listo\Frambuesa Miko,31,ok,
C:\Users\dell\Downloads\marcaagua\listo\Frecklemonade,43,ok,
C:\Users\dell\Downloads\marcaagua\listo\G88su (Gabriela Uribe),58,ok,
C:\Users\dell\Downloads\marcaagua\listo\Gabbie Carter teen,110,ok,
C:\Users\dell\Downloads\marcaagua\listo\Gaby agetro,127,ok,
C:\Users\dell\Downloads\marcaagua\listo\Gi benavidez,54,ok,
C:\Users\dell\Downloads\marcaagua\listo\Giovanna Genesini,90,ok,
C:\Users\dell\Downloads\marcaagua\listo\Girlofnox,70,ok,
C:\Users\dell\Downloads\marcaagua\listo\Gise_blanco,13,ok,
C:\Users\dell\Downloads\marcaagua\listo\Génesis Rodríguez la hija del Puma en bolas,29,ok,
C:\Users\dell\Downloads\marcaagua\listo\Haye Helles,90,ok,
C:\Users\dell\Downloads\marcaagua\listo\Hazel Moore,98,ok,
C:\Users\dell\Downloads\marcaagua\listo\Hermosos Culos En Calzas,40,ok,
C:\Users\dell\Downloads\marcaagua\listo\Iaaras2,33,ok,
C:\Users\dell\Downloads\marcaagua\listo\Iara Broin,31,ok,
C:\Users\dell\Downloads\marcaagua\listo\Indyamarie,187,timeout,timeout_wait
C:\Users\dell\Downloads\marcaagua\listo\Isimbi,34,ok,
C:\Users\dell\Downloads\marcaagua\listo\Ivana Nadal,162,ok,
C:\Users\dell\Downloads\marcaagua\listo\Jacqueline Darley,35,ok,
C:\Users\dell\Downloads\marcaagua\listo\Jada Fire,33,ok,
C:\Users\dell\Downloads\marcaagua\listo\Jaiane Limma,28,ok,
C:\Users\dell\Downloads\marcaagua\listo\Jane Soul,19,ok,
"C:\Users\dell\Downloads\marcaagua\listo\Jennifer Lawrence - megapost, todo lo que encontré",1,timeout,timeout_wait
C:\Users\dell\Downloads\marcaagua\listo\Jeraldincom,20,ok,
C:\Users\dell\Downloads\marcaagua\listo\Jessica Gonzalez,31,ok,
C:\Users\dell\Downloads\marcaagua\listo\Kate Kuray,74,ok,
C:\Users\dell\Downloads\marcaagua\listo\Kiara peach,18,ok,
C:\Users\dell\Downloads\marcaagua\listo\Kitt3y,75,ok,
C:\Users\dell\Downloads\marcaagua\listo\La jary,35,ok,
C:\Users\dell\Downloads\marcaagua\listo\Lady Dusha - youtuber,25,ok,
C:\Users\dell\Downloads\marcaagua\listo\Leticia Shirayuki,120,ok,
C:\Users\dell\Downloads\marcaagua\listo\Leymag,113,ok,
C:\Users\dell\Downloads\marcaagua\listo\Leía little,41,ok,
C:\Users\dell\Downloads\marcaagua\listo\Lilith Cavaliere,61,ok,
C:\Users\dell\Downloads\marcaagua\listo\Lioqueen,56,ok,
C:\Users\dell\Downloads\marcaagua\listo\Lourdes Garcia,58,ok,
C:\Users\dell\Downloads\marcaagua\listo\Lucila alderete,32,ok,
C:\Users\dell\Downloads\marcaagua\listo\Mademoiselegia,36,ok,
C:\Users\dell\Downloads\marcaagua\listo\Majo_doll,34,ok,
C:\Users\dell\Downloads\marcaagua\listo\Majodoll,20,ok,
C:\Users\dell\Downloads\marcaagua\listo\Maria Del Mar dmar,85,ok,
C:\Users\dell\Downloads\marcaagua\listo\Maria Edielma,50,ok,
C:\Users\dell\Downloads\marcaagua\listo\Marianyya,27,ok,
C:\Users\dell\Downloads\marcaagua\listo\Marleny - mexican,56,ok,
C:\Users\dell\Downloads\marcaagua\listo\Martucardillo,42,ok,
C:\Users\dell\Downloads\marcaagua\listo\Maru pichot,37,ok,
C:\Users\dell\Downloads\marcaagua\listo\Meredith Rem,129,ok,
C:\Users\dell\Downloads\marcaagua\listo\Mia Milkers,225,ok,
C:\Users\dell\Downloads\marcaagua\listo\Michelle Rabbit - mary,5,ok,
"C:\Users\dell\Downloads\marcaagua\listo\Mila Malenkov, chica Instagram",22,ok,
C:\Users\dell\Downloads\marcaagua\listo\Milenax.gg,99,ok,
C:\Users\dell\Downloads\marcaagua\listo\Milla Harmory,27,ok,
C:\Users\dell\Downloads\marcaagua\listo\Mimu Mayer,44,ok,
C:\Users\dell\Downloads\marcaagua\listo\Miniloona,467,timeout,timeout_wait
C:\Users\dell\Downloads\marcaagua\listo\Mía García,6,ok,
C:\Users\dell\Downloads\marcaagua\listo\Mía Valencia,92,ok,
C:\Users\dell\Downloads\marcaagua\listo\Natasha_Yes,70,ok,
C:\Users\dell\Downloads\marcaagua\listo\Nico Robin - Octokuro Model,35,ok,
C:\Users\dell\Downloads\marcaagua\listo\Niikita - Braccosofiia,14,ok,
C:\Users\dell\Downloads\marcaagua\listo\Nikia René,37,ok,
C:\Users\dell\Downloads\marcaagua\listo\Nina North,45,ok,
C:\Users\dell\Downloads\marcaagua\listo\Noe molina,25,ok,
C:\Users\dell\Downloads\marcaagua\listo\Ocean Moana,16,ok,
C:\Users\dell\Downloads\marcaagua\listo\Octokuro model Lencería Negra,33,ok,
C:\Users\dell\Downloads\marcaagua\listo\Octokuro model Lencería azul,45,ok,
C:\Users\dell\Downloads\marcaagua\listo\Oficial Nicole,28,ok,
C:\Users\dell\Downloads\marcaagua\listo\Ondine Mirosch,143,ok,
C:\Users\dell\Downloads\marcaagua\listo\Palo Salvatore,74,ok,
C:\Users\dell\Downloads\marcaagua\listo\Popurri de perras argentinas,35,ok,
C:\Users\dell\Downloads\marcaagua\listo\Princesa Zelda - Alina Becker,32,ok,
C:\Users\dell\Downloads\marcaagua\listo\Princessjadde,96,ok,
C:\Users\dell\Downloads\marcaagua\listo\Priscillalopez,212,timeout,timeout_wait
C:\Users\dell\Downloads\marcaagua\listo\Priv_sweett,62,ok,
C:\Users\dell\Downloads\marcaagua\listo\Purebeautye,11,ok,
C:\Users\dell\Downloads\marcaagua\listo\Raychellmcm,59,ok,
C:\Users\dell\Downloads\marcaagua\listo\Red Baddy,24,ok,
C:\Users\dell\Downloads\marcaagua\listo\Romi Flexy,50,ok,
C:\Users\dell\Downloads\marcaagua\listo\Roxane engell,11,ok,
C:\Users\dell\Downloads\marcaagua\listo\Rías Gremory-Highschooll DXD - Alina Becker,70,ok,
C:\Users\dell\Downloads\marcaagua\listo\Salma Haden,33,ok,
C:\Users\dell\Downloads\marcaagua\listo\Salomé Gil,48,ok,
C:\Users\dell\Downloads\marcaagua\listo\Sara Pereira venezuelan,23,ok,
C:\Users\dell\Downloads\marcaagua\listo\Sexy lightmoon,2,ok,
C:\Users\dell\Downloads\marcaagua\listo\Sheila Ortega,76,ok,
C:\Users\dell\Downloads\marcaagua\listo\Sofia Silva Una Milf Chilena Muy Perra!!!,28,ok,
C:\Users\dell\Downloads\marcaagua\listo\Sol Aguilera,26,ok,
C:\Users\dell\Downloads\marcaagua\listo\Sophia delu,10,ok,
C:\Users\dell\Downloads\marcaagua\listo\Srta.luisina,61,ok,
C:\Users\dell\Downloads\marcaagua\listo\Stefany Gutiérrez,23,ok,
C:\Users\dell\Downloads\marcaagua\listo\Suicidegirls-Sash-Onlyfans,19,ok,
C:\Users\dell\Downloads\marcaagua\listo\Suicidegirls-Sash-Onlyfans 1,13,ok,
C:\Users\dell\Downloads\marcaagua\listo\Sweet ween,35,ok,
C:\Users\dell\Downloads\marcaagua\listo\Sydney Sweeney - filtradas,10,ok,
C:\Users\dell\Downloads\marcaagua\listo\Sydney Sweeney compilación de gifs,81,ok,
C:\Users\dell\Downloads\marcaagua\listo\Tinker Bell - Kalinka Fox,45,ok,
C:\Users\dell\Downloads\marcaagua\listo\Tropicalangeles,52,ok,
C:\Users\dell\Downloads\marcaagua\listo\Tsuky Chan,86,ok,
C:\Users\dell\Downloads\marcaagua\listo\Val2legit,311,timeout,timeout_wait
C:\Users\dell\Downloads\marcaagua\listo\Valeria Castañeda,684,timeout,timeout_wait
C:\Users\dell\Downloads\marcaagua\listo\Vega Thompson,40,ok,
C:\Users\dell\Downloads\marcaagua\listo\Veronica Silesto,18,ok,
C:\Users\dell\Downloads\marcaagua\listo\Victoria Vázquez,77,ok,
C:\Users\dell\Downloads\marcaagua\listo\Victoria matosa,180,timeout,timeout_wait
C:\Users\dell\Downloads\marcaagua\listo\Violet Velutto,64,ok,
C:\Users\dell\Downloads\marcaagua\listo\Wanda Potts,26,ok,
C:\Users\dell\Downloads\marcaagua\listo\Willow Wisp,90,ok,
C:\Users\dell\Downloads\marcaagua\listo\Winona Ryder,60,ok,
C:\Users\dell\Downloads\marcaagua\listo\Yisett_mdd,30,ok,
C:\Users\dell\Downloads\marcaagua\listo\Yisset_md,34,ok,
C:\Users\dell\Downloads\marcaagua\listo\Yuna Mitake,62,ok,
C:\Users\dell\Downloads\marcaagua\listo\Yuselisferrer o adrisnacroft,31,ok,
C:\Users\dell\Downloads\marcaagua\listo\Zoey Curly,46,ok,
C:\Users\dell\Downloads\marcaagua\listo\Zoey sinn,59,ok,
C:\Users\dell\Downloads\marcaagua\listo\_nahir flores,16,ok,
C:\Users\dell\Downloads\marcaagua\listo\abigail juncos,20,ok,
C:\Users\dell\Downloads\marcaagua\listo\acuareela blanca,25,ok,
C:\Users\dell\Downloads\marcaagua\listo\alexa pearl delete,92,ok,
C:\Users\dell\Downloads\marcaagua\listo\alvarez nicolll,16,ok,
C:\Users\dell\Downloads\marcaagua\listo\amouranth,46,ok,
C:\Users\dell\Downloads\marcaagua\listo\ashprincessmidna,65,ok,
C:\Users\dell\Downloads\marcaagua\listo\blinkx,28,ok,
C:\Users\dell\Downloads\marcaagua\listo\candy robbs,47,ok,
C:\Users\dell\Downloads\marcaagua\listo\ccamveee,18,ok,
C:\Users\dell\Downloads\marcaagua\listo\deliciosa Vladislava en Halloween,45,ok,
C:\Users\dell\Downloads\marcaagua\listo\eclipsita,33,ok,
C:\Users\dell\Downloads\marcaagua\listo\feet vampire,55,ok,
C:\Users\dell\Downloads\marcaagua\listo\fleamxfree,97,ok,
C:\Users\dell\Downloads\marcaagua\listo\florciii,26,ok,
C:\Users\dell\Downloads\marcaagua\listo\floweremma,11,ok,
C:\Users\dell\Downloads\marcaagua\listo\inguruts y msixela,91,ok,
C:\Users\dell\Downloads\marcaagua\listo\jasmyn2juicy,135,ok,
C:\Users\dell\Downloads\marcaagua\listo\jexys caicedo,19,ok,
C:\Users\dell\Downloads\marcaagua\listo\joliesokolow,18,ok,
C:\Users\dell\Downloads\marcaagua\listo\karely pregnant,13,ok,
C:\Users\dell\Downloads\marcaagua\listo\karencalab,22,ok,
C:\Users\dell\Downloads\marcaagua\listo\kelseymaevip,55,ok,
C:\Users\dell\Downloads\marcaagua\listo\keysi love,15,ok,
C:\Users\dell\Downloads\marcaagua\listo\lanamonroexo,54,ok,
C:\Users\dell\Downloads\marcaagua\listo\lauracurzi_ -  Laura Antonella Curzi,36,ok,
C:\Users\dell\Downloads\marcaagua\listo\love me gentle,47,ok,
C:\Users\dell\Downloads\marcaagua\listo\loveofmylife69,167,timeout,timeout_wait
C:\Users\dell\Downloads\marcaagua\listo\lucylaistner,244,timeout,timeout_wait
C:\Users\dell\Downloads\marcaagua\listo\mariajesusl.ok - Purrincessujoy,5,ok,
C:\Users\dell\Downloads\marcaagua\listo\marietemara,48,ok,
C:\Users\dell\Downloads\marcaagua\listo\mica,76,ok,
C:\Users\dell\Downloads\marcaagua\listo\michelle rabit,236,timeout,timeout_wait
C:\Users\dell\Downloads\marcaagua\listo\miya melody,14,ok,
C:\Users\dell\Downloads\marcaagua\listo\name 42,13,ok,
C:\Users\dell\Downloads\marcaagua\listo\niky quiros,41,ok,
C:\Users\dell\Downloads\marcaagua\listo\rocksylight,53,ok,
C:\Users\dell\Downloads\marcaagua\listo\rusitaok,24,ok,
C:\Users\dell\Downloads\marcaagua\listo\rusitaokfree,45,ok,
C:\Users\dell\Downloads\marcaagua\listo\sakurabesosdulcesxxx,77,ok,
C:\Users\dell\Downloads\marcaagua\listo\sarahbustani,23,ok,
C:\Users\dell\Downloads\marcaagua\listo\saucy tits balis,104,ok,
C:\Users\dell\Downloads\marcaagua\listo\sondra,23,ok,
C:\Users\dell\Downloads\marcaagua\listo\sweetteonly,76,ok,
C:\Users\dell\Downloads\marcaagua\listo\venomousdolly,67,ok,
C:\Users\dell\Downloads\marcaagua\listo\violetwalkers66,23,ok,
C:\Users\dell\Downloads\marcaagua\listo\yanina tula,48,ok,
C:\Users\dell\Downloads\marcaagua\listo\ye.millorini,39,ok,
C:\Users\dell\Downloads\marcaagua\listo\yestigarribia,160,ok,
